a12345,あああああ,04/03
a12346,いいいいい,07/09
a12347,ううううう,10/17
a12348,ddddddd,05/25
a12349,eeeeeee,03/15
a12350,fffffff,08/03
a12351,ggggggg,09/24
a12352,hhhhhhh,06/03
a12353,iiiiiii,09/29
a12354,jjjjjjj,12/24
a12355,kkkkkkk,10/05
a12356,lllllll,11/29
a12357,mmmmmmm,01/01
a12358,nnnnnnn,09/11
a12359,ooooooo,04/04
a12360,ppppppp,06/19
a12361,qqqqqqq,11/09
a12362,rrrrrrr,08/12
a12363,sssssss,05/05
a12364,ttttttt,03/21
a12365,uuuuuuu,08/31
a12366,vvvvvvv,10/10
a12367,wwwwwww,12/25
a12368,xxxxxxx,10/10
a12369,yyyyyyy,11/01
a12370,zzzzzzz,12/31