a15345,qwqw,4ŒŽ3“ú
a15346,asaa,7ŒŽ9“ú
a15347,zxzxz,10ŒŽ17“ú
a15348,erer,5ŒŽ25“ú
a15349,dfdf,3ŒŽ15“ú
a15350,cvcvc,8ŒŽ3“ú
a15351,tytyt,9ŒŽ24“ú
a15352,fgfgfg,6ŒŽ3“ú
a15353,xcxcxc,9ŒŽ29“ú
a15354,opop,12ŒŽ24“ú
a15355,klklnmnmn,10ŒŽ5“ú
a15356,nmnm,11ŒŽ29“ú
a15357,yuyyuyu,1ŒŽ1“ú
a15358,hjhjhj,9ŒŽ11“ú
a15359,bnbnbn,4ŒŽ4“ú
a15360,wewewe,6ŒŽ19“ú
a15361,sdsdsd,11ŒŽ9“ú
a15362,zmzmz,8ŒŽ12“ú
a15363,fjfjfj,5ŒŽ5“ú
a15364,cncncncs,3ŒŽ21“ú
a15365,sgsgsgs,8ŒŽ31“ú
a15366,555555,10ŒŽ10“ú
a15367,666666,12ŒŽ25“ú
a15368,77777,10ŒŽ10“ú
a15369,88888,11ŒŽ1“ú
a15370,99999,12ŒŽ31“ú